{"entities":[{"x":1273,"y":5440,"width":3656,"height":12,"hitbox":{"x":1273,"y":5440,"width":3656,"height":12}},{"x":4917,"y":4188,"width":12,"height":1252,"hitbox":{"x":4917,"y":4188,"width":12,"height":1252}},{"x":2225,"y":4896,"width":924,"height":12,"hitbox":{"x":2225,"y":4896,"width":924,"height":12}},{"x":3345,"y":4892,"width":576,"height":16,"hitbox":{"x":3345,"y":4892,"width":576,"height":16}},{"x":3921,"y":4084,"width":12,"height":824,"hitbox":{"x":3921,"y":4084,"width":12,"height":824}},{"x":4781,"y":4188,"width":140,"height":12,"hitbox":{"x":4781,"y":4188,"width":140,"height":12}},{"x":4481,"y":4184,"width":196,"height":12,"hitbox":{"x":4481,"y":4184,"width":196,"height":12}},{"x":4481,"y":3640,"width":12,"height":556,"hitbox":{"x":4481,"y":3640,"width":12,"height":556}},{"x":4913,"y":3636,"width":16,"height":552,"hitbox":{"x":4913,"y":3636,"width":16,"height":552}},{"x":4697,"y":3628,"width":216,"height":24,"hitbox":{"x":4697,"y":3628,"width":216,"height":24}},{"x":4477,"y":3628,"width":76,"height":20,"hitbox":{"x":4477,"y":3628,"width":76,"height":20}},{"x":3909,"y":3628,"width":584,"height":16,"hitbox":{"x":3909,"y":3628,"width":584,"height":16}},{"x":3869,"y":3628,"width":56,"height":16,"hitbox":{"x":3869,"y":3628,"width":56,"height":16}},{"x":3689,"y":3704,"width":60,"height":60,"hitbox":{"x":3689,"y":3704,"width":60,"height":60}},{"x":3869,"y":2576,"width":16,"height":1052,"hitbox":{"x":3869,"y":2576,"width":16,"height":1052}},{"x":2981,"y":2860,"width":8,"height":2040,"hitbox":{"x":2981,"y":2860,"width":8,"height":2040}},{"x":3365,"y":4084,"width":560,"height":816,"hitbox":{"x":3365,"y":4084,"width":560,"height":816}},{"x":3933,"y":4176,"width":108,"height":140,"hitbox":{"x":3933,"y":4176,"width":108,"height":140}},{"x":3925,"y":4500,"width":120,"height":140,"hitbox":{"x":3925,"y":4500,"width":120,"height":140}},{"x":2985,"y":4456,"width":128,"height":144,"hitbox":{"x":2985,"y":4456,"width":128,"height":144}},{"x":3253,"y":4108,"width":124,"height":104,"hitbox":{"x":3253,"y":4108,"width":124,"height":104}},{"x":2981,"y":2532,"width":8,"height":348,"hitbox":{"x":2981,"y":2532,"width":8,"height":348}},{"x":3869,"y":2568,"width":684,"height":8,"hitbox":{"x":3869,"y":2568,"width":684,"height":8}},{"x":4541,"y":1740,"width":12,"height":828,"hitbox":{"x":4541,"y":1740,"width":12,"height":828}},{"x":2969,"y":2300,"width":260,"height":8,"hitbox":{"x":2969,"y":2300,"width":260,"height":8}},{"x":3497,"y":2284,"width":752,"height":8,"hitbox":{"x":3497,"y":2284,"width":752,"height":8}},{"x":4249,"y":1272,"width":8,"height":1020,"hitbox":{"x":4249,"y":1272,"width":8,"height":1020}},{"x":3545,"y":2396,"width":148,"height":148,"hitbox":{"x":3545,"y":2396,"width":148,"height":148}},{"x":3881,"y":2576,"width":592,"height":1072,"hitbox":{"x":3881,"y":2576,"width":592,"height":1072}},{"x":4549,"y":1740,"width":1116,"height":824,"hitbox":{"x":4549,"y":1740,"width":1116,"height":824}},{"x":4473,"y":2576,"width":780,"height":296,"hitbox":{"x":4473,"y":2576,"width":780,"height":296}},{"x":4537,"y":2528,"width":716,"height":116,"hitbox":{"x":4537,"y":2528,"width":716,"height":116}},{"x":4925,"y":4524,"width":1804,"height":12,"hitbox":{"x":4925,"y":4524,"width":1804,"height":12}},{"x":6717,"y":3092,"width":12,"height":1444,"hitbox":{"x":6717,"y":3092,"width":12,"height":1444}},{"x":6373,"y":3092,"width":344,"height":8,"hitbox":{"x":6373,"y":3092,"width":344,"height":8}},{"x":6357,"y":1744,"width":16,"height":1356,"hitbox":{"x":6357,"y":1744,"width":16,"height":1356}},{"x":6353,"y":1740,"width":344,"height":16,"hitbox":{"x":6353,"y":1740,"width":344,"height":16}},{"x":6677,"y":1084,"width":20,"height":672,"hitbox":{"x":6677,"y":1084,"width":20,"height":672}},{"x":6365,"y":1084,"width":312,"height":8,"hitbox":{"x":6365,"y":1084,"width":312,"height":8}},{"x":6365,"y":472,"width":20,"height":620,"hitbox":{"x":6365,"y":472,"width":20,"height":620}},{"x":5717,"y":472,"width":656,"height":8,"hitbox":{"x":5717,"y":472,"width":656,"height":8}},{"x":5717,"y":480,"width":20,"height":200,"hitbox":{"x":5717,"y":480,"width":20,"height":200}},{"x":5145,"y":656,"width":564,"height":24,"hitbox":{"x":5145,"y":656,"width":564,"height":24}},{"x":5705,"y":660,"width":16,"height":16,"hitbox":{"x":5705,"y":660,"width":16,"height":16}},{"x":5285,"y":688,"width":120,"height":112,"hitbox":{"x":5285,"y":688,"width":120,"height":112}},{"x":4645,"y":656,"width":504,"height":20,"hitbox":{"x":4645,"y":656,"width":504,"height":20}},{"x":4645,"y":512,"width":24,"height":144,"hitbox":{"x":4645,"y":512,"width":24,"height":144}},{"x":4241,"y":512,"width":428,"height":20,"hitbox":{"x":4241,"y":512,"width":428,"height":20}},{"x":4237,"y":524,"width":12,"height":512,"hitbox":{"x":4237,"y":524,"width":12,"height":512}},{"x":4409,"y":900,"width":160,"height":184,"hitbox":{"x":4409,"y":900,"width":160,"height":184}},{"x":3493,"y":1652,"width":760,"height":632,"hitbox":{"x":3493,"y":1652,"width":760,"height":632}},{"x":3477,"y":892,"width":764,"height":12,"hitbox":{"x":3477,"y":892,"width":764,"height":12}},{"x":3477,"y":904,"width":24,"height":500,"hitbox":{"x":3477,"y":904,"width":24,"height":500}},{"x":2525,"y":892,"width":956,"height":12,"hitbox":{"x":2525,"y":892,"width":956,"height":12}},{"x":1717,"y":892,"width":816,"height":12,"hitbox":{"x":1717,"y":892,"width":816,"height":12}},{"x":2969,"y":1772,"width":176,"height":532,"hitbox":{"x":2969,"y":1772,"width":176,"height":532}},{"x":1485,"y":1772,"width":1484,"height":16,"hitbox":{"x":1485,"y":1772,"width":1484,"height":16}},{"x":1613,"y":1532,"width":28,"height":248,"hitbox":{"x":1613,"y":1532,"width":28,"height":248}},{"x":1781,"y":1592,"width":132,"height":100,"hitbox":{"x":1781,"y":1592,"width":132,"height":100}},{"x":1605,"y":1052,"width":20,"height":356,"hitbox":{"x":1605,"y":1052,"width":20,"height":356}},{"x":897,"y":892,"width":824,"height":8,"hitbox":{"x":897,"y":892,"width":824,"height":8}},{"x":897,"y":452,"width":24,"height":440,"hitbox":{"x":897,"y":452,"width":24,"height":440}},{"x":397,"y":452,"width":516,"height":12,"hitbox":{"x":397,"y":452,"width":516,"height":12}},{"x":397,"y":464,"width":12,"height":1324,"hitbox":{"x":397,"y":464,"width":12,"height":1324}},{"x":513,"y":824,"width":128,"height":148,"hitbox":{"x":513,"y":824,"width":128,"height":148}},{"x":1257,"y":1144,"width":140,"height":172,"hitbox":{"x":1257,"y":1144,"width":140,"height":172}},{"x":1485,"y":1788,"width":24,"height":284,"hitbox":{"x":1485,"y":1788,"width":24,"height":284}},{"x":1125,"y":2056,"width":384,"height":16,"hitbox":{"x":1125,"y":2056,"width":384,"height":16}},{"x":1097,"y":1792,"width":28,"height":264,"hitbox":{"x":1097,"y":1792,"width":28,"height":264}},{"x":705,"y":1792,"width":392,"height":28,"hitbox":{"x":705,"y":1792,"width":392,"height":28}},{"x":393,"y":1788,"width":108,"height":32,"hitbox":{"x":393,"y":1788,"width":108,"height":32}},{"x":881,"y":1616,"width":168,"height":164,"hitbox":{"x":881,"y":1616,"width":168,"height":164}},{"x":1245,"y":1800,"width":132,"height":52,"hitbox":{"x":1245,"y":1800,"width":132,"height":52}},{"x":6365,"y":1276,"width":96,"height":296,"hitbox":{"x":6365,"y":1276,"width":96,"height":296}},{"x":5573,"y":3804,"width":24,"height":716,"hitbox":{"x":5573,"y":3804,"width":24,"height":716}},{"x":6177,"y":3812,"width":20,"height":712,"hitbox":{"x":6177,"y":3812,"width":20,"height":712}},{"x":6545,"y":3092,"width":172,"height":244,"hitbox":{"x":6545,"y":3092,"width":172,"height":244}},{"x":1509,"y":1788,"width":1480,"height":336,"hitbox":{"x":1509,"y":1788,"width":1480,"height":336}},{"x":1597,"y":2572,"width":1384,"height":12,"hitbox":{"x":1597,"y":2572,"width":1384,"height":12}},{"x":1597,"y":2332,"width":12,"height":240,"hitbox":{"x":1597,"y":2332,"width":12,"height":240}},{"x":1433,"y":2332,"width":160,"height":28,"hitbox":{"x":1433,"y":2332,"width":160,"height":28}},{"x":1433,"y":2360,"width":168,"height":220,"hitbox":{"x":1433,"y":2360,"width":168,"height":220}},{"x":1165,"y":2068,"width":24,"height":260,"hitbox":{"x":1165,"y":2068,"width":24,"height":260}},{"x":1009,"y":2560,"width":424,"height":16,"hitbox":{"x":1009,"y":2560,"width":424,"height":16}},{"x":393,"y":1812,"width":12,"height":764,"hitbox":{"x":393,"y":1812,"width":12,"height":764}},{"x":405,"y":2552,"width":408,"height":24,"hitbox":{"x":405,"y":2552,"width":408,"height":24}},{"x":389,"y":2572,"width":16,"height":2864,"hitbox":{"x":389,"y":2572,"width":16,"height":2864}},{"x":385,"y":5436,"width":892,"height":20,"hitbox":{"x":385,"y":5436,"width":892,"height":20}},{"x":953,"y":4896,"width":1276,"height":16,"hitbox":{"x":953,"y":4896,"width":1276,"height":16}},{"x":1197,"y":4384,"width":304,"height":324,"hitbox":{"x":1197,"y":4384,"width":304,"height":324}},{"x":2105,"y":2576,"width":876,"height":2328,"hitbox":{"x":2105,"y":2576,"width":876,"height":2328}},{"x":1329,"y":2652,"width":224,"height":200,"hitbox":{"x":1329,"y":2652,"width":224,"height":200}},{"x":629,"y":2672,"width":128,"height":156,"hitbox":{"x":629,"y":2672,"width":128,"height":156}},{"x":925,"y":1900,"width":124,"height":144,"hitbox":{"x":925,"y":1900,"width":124,"height":144}}],"spawnPoints":[{"x":4380,"y":5028},{"x":4724,"y":3964},{"x":5352,"y":3612},{"x":6452,"y":4068},{"x":6036,"y":2976},{"x":4776,"y":3056},{"x":3304,"y":3476},{"x":3220,"y":4680},{"x":2256,"y":5224},{"x":692,"y":5196},{"x":1808,"y":4536},{"x":696,"y":4276},{"x":1752,"y":3248},{"x":1316,"y":2212},{"x":1924,"y":2472},{"x":4208,"y":2432},{"x":2928,"y":1408},{"x":3760,"y":1164},{"x":5056,"y":1568},{"x":4360,"y":684},{"x":6100,"y":656},{"x":6568,"y":1420},{"x":1532,"y":1232},{"x":1272,"y":1980},{"x":616,"y":668},{"x":928,"y":2172},{"x":532,"y":2748}]}